1229_1002,Hot
1159_1002,Hot
1103_1002,Hot
1283_1002,Hot
1117_1002,Hot
1287_1002,Hot
1207_1002,Hot
1133_1002,Hot
1389_1002,Hot
1023_1002,Hot
1882_1002,Hot
1318_1002,Hot
1035_1002,Hot
1002_1002,Hot
1037_1002,Hot
1171_1002,Hot
,
2069_1002,New
2070_1002,New
2067_1002,New
2066_1002,New
2068_1002,New
2065_1002,New
2064_1002,New
2061_1002,New
2060_1002,New
1286_1002,New
2047_1002,New
1996_1002,New
1994_1002,New
1995_1002,New
1992_1002,New
,
1229_1002,Slot
1159_1002,Slot
1103_1002,Slot
1283_1002,Slot
1117_1002,Slot
1287_1002,Slot
1207_1002,Slot
1133_1002,Slot
1389_1002,Slot
1097_1002,Slot
1882_1002,Slot
1318_1002,Slot
1035_1002,Slot
1002_1002,Slot
1037_1002,Slot
1171_1002,Slot
1047_1002,Slot
1163_1002,Slot
1321_1002,Slot
1261_1001,Slot
1103_1002,Slot
1250_1002,Slot
1151_1002,Slot
1389_1002,Slot
1049_1002,Slot
1245_1002,Slot
1126_1002,Slot
1060_1002,Slot
1060_1002,Slot
1314_1002,Slot
1343_1002,Slot
1308_1002,Slot
1308_1002,Slot
1254_1002,Slot
1254_1002,Slot
1302_1002,Slot
1035_1002,Slot
1010_1002,Slot
1246_1002,Slot
1155_1002,Slot
1004_1002,Slot
1004_1002,Slot
1147_1002,Slot
1021_1002,Slot
1384_1002,Slot
1260_1001,Slot
1013_1002,Slot
1013_1002,Slot
1188_1002,Slot
1045_1002,Slot
1312_1002,Slot
4111_1002,Slot
4296_1002,Slot
1159_1002,Slot
4297_1002,Slot
4257_1002,Slot
1207_1002,Slot
4110_1002,Slot
1133_1002,Slot
1294_1002,Slot
4295_1002,Slot
1290_1002,Slot
4288_1002,Slot
4289_1002,Slot
1275_1002,Slot
1293_1002,Slot
4109_1002,Slot
4287_1002,Slot
1229_1002,Slot
4112_1002,Slot
1023_1002,Slot
1100_1002,Slot
4290_1002,Slot
1189_1002,Slot
4286_1002,Slot
1097_1002,Slot
4271_1002,Slot
1360_1002,Slot
1009_1002,Slot
1318_1002,Slot
1173_1002,Slot
1173_1002,Slot
1095_1002,Slot
1117_1002,Slot
1381_1001,Slot
1300_1001,Slot
1366_1002,Slot
1366_1002,Slot
1274_1002,Slot
1291_1002,Slot
1001_1002,Slot
1374_1002,Slot
1032_1002,Slot
1002_1002,Slot
1404_1002,Slot
1327_1002,Slot
1167_1002,Slot
1167_1002,Slot
1320_1002,Slot
1130_1002,Slot
1234_1002,Slot
1234_1002,Slot
1395_1002,Slot
1200_1002,Slot
1200_1002,Slot
1169_1002,Slot
1386_1002,Slot
1028_1002,Slot
1330_1002,Slot
1236_1002,Slot
1330_1002,Slot
1028_1002,Slot
1208_1002,Slot
1385_1002,Slot
1292_1001,Slot
1122_1002,Slot
1122_1002,Slot
1020_1002,Slot
1186_1002,Slot
1222_1002,Slot
1222_1002,Slot
1171_1002,Slot
1345_1002,Slot
1041_1002,Slot
2069_1002,Slot
2070_1002,Slot
2067_1002,Slot
2066_1002,Slot
2068_1002,Slot
2065_1002,Slot
2064_1002,Slot
1885_1002,Slot
2061_1002,Slot
2060_1002,Slot
1286_1002,Slot
2047_1002,Slot
1996_1002,Slot
1994_1002,Slot
1992_1002,Slot
,
1248_1001,Table
1042_1001,Table
1329_1001,Table
1303_1001,Table
1249_1001,Table
1265_1001,Table
1203_1001,Table
1090_1001,Table
1078_1001,Table
1369_1001,Table
1233_1001,Table
1213_1001,Table
1217_1001,Table
1105_1001,Table
1415_1002,Table
1416_1001,Table
1418_1001,Table
1059_1001,Table
,
1088_1001,Arcrade
1259_1001,Arcrade
1335_1001,Arcrade
1096_1001,Arcrade
4298_1002,Arcrade
1995_1002,Arcrade
,
1076_1001,Scratch
1344_1001,Scratch
1402_1001,Scratch
1003_1001,Scratch
1174_1001,Scratch
1390_1001,Scratch
1119_1001,Scratch
1015_1001,Scratch
1089_1001,Scratch
1044_1001,Scratch
1112_1001,Scratch
1182_1001,Scratch
1086_1001,Scratch
1224_1001,Scratch
1353_1001,Scratch
1355_1001,Scratch
1226_1001,Scratch
1990_1001,Scratch
1196_1001,Scratch
1231_1001,Scratch
1336_1001,Scratch
1029_1001,Scratch
1161_1001,Scratch
1403_1001,Scratch
1301_1001,Scratch
